sample_id,source_git_sha,scenario_hash,state_seed,geometry,canonical_geometry,snapshot_frame,shot_window_elapsed,observation_tactical16,bt_action,surface_authority,action_class_world,action_class_canonical,raw_residual,requested_correction,applied_correction,damage_pure,damage_candidate,damage_delta,cone_delta,first_damage_delta,contamination,ownship_crash,target_crash,label_confidence,label_reason
lateral_left_e00__roll_pos,281fa2170ec14dcb626ac9632cd2cc75df316745,49753E1122EC19455243A6F5E02FCD105354D998031D40DD27248FBB3B60DABC,7101,lateral_left,lateral,380,0,"[0.8117555379867554,-0.2532888948917389,0.9851499795913696,-0.2749825417995453,-0.36175259947776794,1.0,0.05759647488594055,-0.0024844310246407986,0.04564569145441055,0.0011696964502334595,-0.10194499045610428,-0.0005610641092061996,0.0020574249792844057,1.0,-1.0,0.3645620346069336]","[0.09468933194875717,-0.1773742437362671,-0.006590972654521465,1.0]","{""applied_to_requested_ratio_mean_axis"":[0.9842184720632724,0.0,0.0]}",roll_pos,roll_pos,"[0.19867990911006927,0.0,0.0,0.0]","[0.02483498863875866,0.0,0.0,0.0]","[0.02444305457174778,0.0,0.0,0.0]",1.0059801860350506,1.0004763083160109,-0.005503877719039707,-0.016666666666666607,0.0,CLEAN,False,False,0.0,EXCLUDED_SIGNAL_GATE_FAILED
lateral_left_e00__roll_neg,281fa2170ec14dcb626ac9632cd2cc75df316745,49753E1122EC19455243A6F5E02FCD105354D998031D40DD27248FBB3B60DABC,7101,lateral_left,lateral,380,0,"[0.8117555379867554,-0.2532888948917389,0.9851499795913696,-0.2749825417995453,-0.36175259947776794,1.0,0.05759647488594055,-0.0024844310246407986,0.04564569145441055,0.0011696964502334595,-0.10194499045610428,-0.0005610641092061996,0.0020574249792844057,1.0,-1.0,0.3645620346069336]","[0.09468933194875717,-0.1773742437362671,-0.006590972654521465,1.0]","{""applied_to_requested_ratio_mean_axis"":[0.9082490155076498,0.0,0.0]}",roll_neg,roll_neg,"[-0.19867990911006927,0.0,0.0,0.0]","[-0.02483498863875866,0.0,0.0,0.0]","[-0.022556353981296223,0.0,0.0,0.0]",1.0059801860350506,1.000160738293294,-0.005819447741756578,-0.016666666666666607,0.0,CLEAN,False,False,0.0,EXCLUDED_SIGNAL_GATE_FAILED
lateral_left_e00__pitch_pos,281fa2170ec14dcb626ac9632cd2cc75df316745,49753E1122EC19455243A6F5E02FCD105354D998031D40DD27248FBB3B60DABC,7101,lateral_left,lateral,380,0,"[0.8117555379867554,-0.2532888948917389,0.9851499795913696,-0.2749825417995453,-0.36175259947776794,1.0,0.05759647488594055,-0.0024844310246407986,0.04564569145441055,0.0011696964502334595,-0.10194499045610428,-0.0005610641092061996,0.0020574249792844057,1.0,-1.0,0.3645620346069336]","[0.09468933194875717,-0.1773742437362671,-0.006590972654521465,1.0]","{""applied_to_requested_ratio_mean_axis"":[0.0,1.0000000750008455,0.0]}",pitch_pos,pitch_pos,"[0.0,0.19867990911006927,0.0,0.0]","[0.0,0.02483498863875866,0.0,0.0]","[0.0,0.02483499050140381,0.0,0.0]",1.0059801860350506,1.0061452902771533,0.00016510424210269825,0.0,0.0,CLEAN,False,False,0.0,EXCLUDED_SIGNAL_GATE_FAILED
lateral_left_e00__pitch_neg,281fa2170ec14dcb626ac9632cd2cc75df316745,49753E1122EC19455243A6F5E02FCD105354D998031D40DD27248FBB3B60DABC,7101,lateral_left,lateral,380,0,"[0.8117555379867554,-0.2532888948917389,0.9851499795913696,-0.2749825417995453,-0.36175259947776794,1.0,0.05759647488594055,-0.0024844310246407986,0.04564569145441055,0.0011696964502334595,-0.10194499045610428,-0.0005610641092061996,0.0020574249792844057,1.0,-1.0,0.3645620346069336]","[0.09468933194875717,-0.1773742437362671,-0.006590972654521465,1.0]","{""applied_to_requested_ratio_mean_axis"":[0.0,0.8161796024250174,0.0]}",pitch_neg,pitch_neg,"[0.0,-0.19867990911006927,0.0,0.0]","[0.0,-0.02483498863875866,0.0,0.0]","[0.0,-0.020269811153411865,0.0,0.0]",1.0059801860350506,1.0022264346410736,-0.003753751393976934,0.0,-0.016666666666667496,CLEAN,False,False,0.0,EXCLUDED_SIGNAL_GATE_FAILED
lateral_left_e00__yaw_pos,281fa2170ec14dcb626ac9632cd2cc75df316745,49753E1122EC19455243A6F5E02FCD105354D998031D40DD27248FBB3B60DABC,7101,lateral_left,lateral,380,0,"[0.8117555379867554,-0.2532888948917389,0.9851499795913696,-0.2749825417995453,-0.36175259947776794,1.0,0.05759647488594055,-0.0024844310246407986,0.04564569145441055,0.0011696964502334595,-0.10194499045610428,-0.0005610641092061996,0.0020574249792844057,1.0,-1.0,0.3645620346069336]","[0.09468933194875717,-0.1773742437362671,-0.006590972654521465,1.0]","{""applied_to_requested_ratio_mean_axis"":[0.0,0.0,0.9787986359546204]}",yaw_pos,yaw_pos,"[0.0,0.0,0.19867990911006927,0.0]","[0.0,0.0,0.02483498863875866,0.0]","[0.0,0.0,0.02430845331400633,0.0]",1.0059801860350506,1.0066821225283031,0.000701936493252564,0.0,0.0,CLEAN,False,False,0.0,EXCLUDED_SIGNAL_GATE_FAILED
lateral_left_e00__yaw_neg,281fa2170ec14dcb626ac9632cd2cc75df316745,49753E1122EC19455243A6F5E02FCD105354D998031D40DD27248FBB3B60DABC,7101,lateral_left,lateral,380,0,"[0.8117555379867554,-0.2532888948917389,0.9851499795913696,-0.2749825417995453,-0.36175259947776794,1.0,0.05759647488594055,-0.0024844310246407986,0.04564569145441055,0.0011696964502334595,-0.10194499045610428,-0.0005610641092061996,0.0020574249792844057,1.0,-1.0,0.3645620346069336]","[0.09468933194875717,-0.1773742437362671,-0.006590972654521465,1.0]","{""applied_to_requested_ratio_mean_axis"":[0.0,0.0,0.9989015126145547]}",yaw_neg,yaw_neg,"[0.0,0.0,-0.19867990911006927,0.0]","[0.0,0.0,-0.02483498863875866,0.0]","[0.0,0.0,-0.024807707406580448,0.0]",1.0059801860350506,1.0030102506913938,-0.002969935343656749,0.0,-0.016666666666667496,CLEAN,False,False,0.0,EXCLUDED_SIGNAL_GATE_FAILED
lateral_left_e03__roll_pos,281fa2170ec14dcb626ac9632cd2cc75df316745,49753E1122EC19455243A6F5E02FCD105354D998031D40DD27248FBB3B60DABC,7102,lateral_left,lateral,383,3,"[0.8129888772964478,-0.25611111521720886,0.9854110479354858,-0.2732677757740021,-0.3624342381954193,1.0,0.05737417936325073,-0.002367122331634164,0.04595288261771202,0.001391931320540607,-0.10061915218830109,-0.0009262405801564455,0.0020756053272634745,1.0,-1.0,0.3641672134399414]","[-0.031730759888887405,-0.1782257854938507,0.007531902752816677,1.0]","{""applied_to_requested_ratio_mean_axis"":[1.0000000531255988,0.0,0.0]}",roll_pos,roll_pos,"[0.19867990911006927,0.0,0.0,0.0]","[0.02483498863875866,0.0,0.0,0.0]","[0.02483498988052209,0.0,0.0,0.0]",1.0059801860350506,1.0002900386677267,-0.005690147367323872,0.0,-0.016666666666667496,CLEAN,False,False,0.0,EXCLUDED_SIGNAL_GATE_FAILED
lateral_left_e03__roll_neg,281fa2170ec14dcb626ac9632cd2cc75df316745,49753E1122EC19455243A6F5E02FCD105354D998031D40DD27248FBB3B60DABC,7102,lateral_left,lateral,383,3,"[0.8129888772964478,-0.25611111521720886,0.9854110479354858,-0.2732677757740021,-0.3624342381954193,1.0,0.05737417936325073,-0.002367122331634164,0.04595288261771202,0.001391931320540607,-0.10061915218830109,-0.0009262405801564455,0.0020756053272634745,1.0,-1.0,0.3641672134399414]","[-0.031730759888887405,-0.1782257854938507,0.007531902752816677,1.0]","{""applied_to_requested_ratio_mean_axis"":[0.8737959645495003,0.0,0.0]}",roll_neg,roll_neg,"[-0.19867990911006927,0.0,0.0,0.0]","[-0.02483498863875866,0.0,0.0,0.0]","[-0.021700712852180004,0.0,0.0,0.0]",1.0059801860350506,1.0028767584802176,-0.0031034275548329493,0.0,0.0,CLEAN,False,False,0.0,EXCLUDED_SIGNAL_GATE_FAILED
lateral_left_e03__pitch_pos,281fa2170ec14dcb626ac9632cd2cc75df316745,49753E1122EC19455243A6F5E02FCD105354D998031D40DD27248FBB3B60DABC,7102,lateral_left,lateral,383,3,"[0.8129888772964478,-0.25611111521720886,0.9854110479354858,-0.2732677757740021,-0.3624342381954193,1.0,0.05737417936325073,-0.002367122331634164,0.04595288261771202,0.001391931320540607,-0.10061915218830109,-0.0009262405801564455,0.0020756053272634745,1.0,-1.0,0.3641672134399414]","[-0.031730759888887405,-0.1782257854938507,0.007531902752816677,1.0]","{""applied_to_requested_ratio_mean_axis"":[0.0,1.0000000750008455,0.0]}",pitch_pos,pitch_pos,"[0.0,0.19867990911006927,0.0,0.0]","[0.0,0.02483498863875866,0.0,0.0]","[0.0,0.02483499050140381,0.0,0.0]",1.0059801860350506,1.0062524152097794,0.0002722291747287997,0.0,0.0,CLEAN,False,False,0.0,EXCLUDED_SIGNAL_GATE_FAILED
lateral_left_e03__pitch_neg,281fa2170ec14dcb626ac9632cd2cc75df316745,49753E1122EC19455243A6F5E02FCD105354D998031D40DD27248FBB3B60DABC,7102,lateral_left,lateral,383,3,"[0.8129888772964478,-0.25611111521720886,0.9854110479354858,-0.2732677757740021,-0.3624342381954193,1.0,0.05737417936325073,-0.002367122331634164,0.04595288261771202,0.001391931320540607,-0.10061915218830109,-0.0009262405801564455,0.0020756053272634745,1.0,-1.0,0.3641672134399414]","[-0.031730759888887405,-0.1782257854938507,0.007531902752816677,1.0]","{""applied_to_requested_ratio_mean_axis"":[0.0,0.8264988187741816,0.0]}",pitch_neg,pitch_neg,"[0.0,-0.19867990911006927,0.0,0.0]","[0.0,-0.02483498863875866,0.0,0.0]","[0.0,-0.020526088774204254,0.0,0.0]",1.0059801860350506,1.0067576353837795,0.0007774493487289202,0.0,0.0,CLEAN,False,False,0.0,EXCLUDED_SIGNAL_GATE_FAILED
lateral_left_e03__yaw_pos,281fa2170ec14dcb626ac9632cd2cc75df316745,49753E1122EC19455243A6F5E02FCD105354D998031D40DD27248FBB3B60DABC,7102,lateral_left,lateral,383,3,"[0.8129888772964478,-0.25611111521720886,0.9854110479354858,-0.2732677757740021,-0.3624342381954193,1.0,0.05737417936325073,-0.002367122331634164,0.04595288261771202,0.001391931320540607,-0.10061915218830109,-0.0009262405801564455,0.0020756053272634745,1.0,-1.0,0.3641672134399414]","[-0.031730759888887405,-0.1782257854938507,0.007531902752816677,1.0]","{""applied_to_requested_ratio_mean_axis"":[0.0,0.0,0.9702342987667185]}",yaw_pos,yaw_pos,"[0.0,0.0,0.19867990911006927,0.0]","[0.0,0.0,0.02483498863875866,0.0]","[0.0,0.0,0.02409575755397479,0.0]",1.0059801860350506,1.005520093520606,-0.0004600925144446766,0.0,0.0,CLEAN,False,False,0.0,EXCLUDED_SIGNAL_GATE_FAILED
lateral_left_e03__yaw_neg,281fa2170ec14dcb626ac9632cd2cc75df316745,49753E1122EC19455243A6F5E02FCD105354D998031D40DD27248FBB3B60DABC,7102,lateral_left,lateral,383,3,"[0.8129888772964478,-0.25611111521720886,0.9854110479354858,-0.2732677757740021,-0.3624342381954193,1.0,0.05737417936325073,-0.002367122331634164,0.04595288261771202,0.001391931320540607,-0.10061915218830109,-0.0009262405801564455,0.0020756053272634745,1.0,-1.0,0.3641672134399414]","[-0.031730759888887405,-0.1782257854938507,0.007531902752816677,1.0]","{""applied_to_requested_ratio_mean_axis"":[0.0,0.0,0.9999999937499296]}",yaw_neg,yaw_neg,"[0.0,0.0,-0.19867990911006927,0.0]","[0.0,0.0,-0.02483498863875866,0.0]","[0.0,0.0,-0.02483498863875866,0.0]",1.0059801860350506,1.0052480328339233,-0.0007321532011272947,0.0,-0.016666666666667496,CLEAN,False,False,0.0,EXCLUDED_SIGNAL_GATE_FAILED
lateral_left_e06__roll_pos,281fa2170ec14dcb626ac9632cd2cc75df316745,49753E1122EC19455243A6F5E02FCD105354D998031D40DD27248FBB3B60DABC,7103,lateral_left,lateral,386,6,"[0.8145833611488342,-0.2586555480957031,0.9859500527381897,-0.2717244327068329,-0.3631238341331482,1.0,0.05715187266469002,-0.0022439484018832445,0.04625433310866356,0.0014614493120461702,-0.09928745776414871,-0.0010358808794990182,0.0020581181161105633,1.0,-1.0,0.3650336265563965]","[-0.20318388938903809,-0.16427136957645416,0.04670005664229393,1.0]","{""applied_to_requested_ratio_mean_axis"":[0.9919047149756614,0.0,0.0]}",roll_pos,roll_pos,"[0.19867990911006927,0.0,0.0,0.0]","[0.02483498863875866,0.0,0.0,0.0]","[0.024633942171931267,0.0,0.0,0.0]",1.0059801860350506,1.002565983327388,-0.0034142027076624615,-0.016666666666666607,0.0,CLEAN,False,False,0.0,EXCLUDED_SIGNAL_GATE_FAILED
lateral_left_e06__roll_neg,281fa2170ec14dcb626ac9632cd2cc75df316745,49753E1122EC19455243A6F5E02FCD105354D998031D40DD27248FBB3B60DABC,7103,lateral_left,lateral,386,6,"[0.8145833611488342,-0.2586555480957031,0.9859500527381897,-0.2717244327068329,-0.3631238341331482,1.0,0.05715187266469002,-0.0022439484018832445,0.04625433310866356,0.0014614493120461702,-0.09928745776414871,-0.0010358808794990182,0.0020581181161105633,1.0,-1.0,0.3650336265563965]","[-0.20318388938903809,-0.16427136957645416,0.04670005664229393,1.0]","{""applied_to_requested_ratio_mean_axis"":[0.9075040758584553,0.0,0.0]}",roll_neg,roll_neg,"[-0.19867990911006927,0.0,0.0,0.0]","[-0.02483498863875866,0.0,0.0,0.0]","[-0.022537853568792343,0.0,0.0,0.0]",1.0059801860350506,1.0066355658312574,0.0006553797962067787,0.0,0.0,CLEAN,False,False,0.0,EXCLUDED_SIGNAL_GATE_FAILED
lateral_left_e06__pitch_pos,281fa2170ec14dcb626ac9632cd2cc75df316745,49753E1122EC19455243A6F5E02FCD105354D998031D40DD27248FBB3B60DABC,7103,lateral_left,lateral,386,6,"[0.8145833611488342,-0.2586555480957031,0.9859500527381897,-0.2717244327068329,-0.3631238341331482,1.0,0.05715187266469002,-0.0022439484018832445,0.04625433310866356,0.0014614493120461702,-0.09928745776414871,-0.0010358808794990182,0.0020581181161105633,1.0,-1.0,0.3650336265563965]","[-0.20318388938903809,-0.16427136957645416,0.04670005664229393,1.0]","{""applied_to_requested_ratio_mean_axis"":[0.0,1.0000000750008455,0.0]}",pitch_pos,pitch_pos,"[0.0,0.19867990911006927,0.0,0.0]","[0.0,0.02483498863875866,0.0,0.0]","[0.0,0.02483499050140381,0.0,0.0]",1.0059801860350506,1.0062248844236115,0.0002446983885608933,0.0,0.0,CLEAN,False,False,0.0,EXCLUDED_SIGNAL_GATE_FAILED
lateral_left_e06__pitch_neg,281fa2170ec14dcb626ac9632cd2cc75df316745,49753E1122EC19455243A6F5E02FCD105354D998031D40DD27248FBB3B60DABC,7103,lateral_left,lateral,386,6,"[0.8145833611488342,-0.2586555480957031,0.9859500527381897,-0.2717244327068329,-0.3631238341331482,1.0,0.05715187266469002,-0.0022439484018832445,0.04625433310866356,0.0014614493120461702,-0.09928745776414871,-0.0010358808794990182,0.0020581181161105633,1.0,-1.0,0.3650336265563965]","[-0.20318388938903809,-0.16427136957645416,0.04670005664229393,1.0]","{""applied_to_requested_ratio_mean_axis"":[0.0,0.8232817825020978,0.0]}",pitch_neg,pitch_neg,"[0.0,-0.19867990911006927,0.0,0.0]","[0.0,-0.02483498863875866,0.0,0.0]","[0.0,-0.020446193714936573,0.0,0.0]",1.0059801860350506,1.0055074945570044,-0.0004726914780461833,0.0,0.0,CLEAN,False,False,0.0,EXCLUDED_SIGNAL_GATE_FAILED
lateral_left_e06__yaw_pos,281fa2170ec14dcb626ac9632cd2cc75df316745,49753E1122EC19455243A6F5E02FCD105354D998031D40DD27248FBB3B60DABC,7103,lateral_left,lateral,386,6,"[0.8145833611488342,-0.2586555480957031,0.9859500527381897,-0.2717244327068329,-0.3631238341331482,1.0,0.05715187266469002,-0.0022439484018832445,0.04625433310866356,0.0014614493120461702,-0.09928745776414871,-0.0010358808794990182,0.0020581181161105633,1.0,-1.0,0.3650336265563965]","[-0.20318388938903809,-0.16427136957645416,0.04670005664229393,1.0]","{""applied_to_requested_ratio_mean_axis"":[0.0,0.0,0.9733705341277722]}",yaw_pos,yaw_pos,"[0.0,0.0,0.19867990911006927,0.0]","[0.0,0.0,0.02483498863875866,0.0]","[0.0,0.0,0.02417364592353503,0.0]",1.0059801860350506,1.005742956495612,-0.00023722953943861036,0.0,0.0,CLEAN,False,False,0.0,EXCLUDED_SIGNAL_GATE_FAILED
lateral_left_e06__yaw_neg,281fa2170ec14dcb626ac9632cd2cc75df316745,49753E1122EC19455243A6F5E02FCD105354D998031D40DD27248FBB3B60DABC,7103,lateral_left,lateral,386,6,"[0.8145833611488342,-0.2586555480957031,0.9859500527381897,-0.2717244327068329,-0.3631238341331482,1.0,0.05715187266469002,-0.0022439484018832445,0.04625433310866356,0.0014614493120461702,-0.09928745776414871,-0.0010358808794990182,0.0020581181161105633,1.0,-1.0,0.3650336265563965]","[-0.20318388938903809,-0.16427136957645416,0.04670005664229393,1.0]","{""applied_to_requested_ratio_mean_axis"":[0.0,0.0,0.9999999968749648]}",yaw_neg,yaw_neg,"[0.0,0.0,-0.19867990911006927,0.0]","[0.0,0.0,-0.02483498863875866,0.0]","[0.0,0.0,-0.02483498863875866,0.0]",1.0059801860350506,1.0021273667236765,-0.003852819311374045,-0.016666666666666607,0.0,CLEAN,False,False,0.0,EXCLUDED_SIGNAL_GATE_FAILED
lateral_right_e00__roll_pos,281fa2170ec14dcb626ac9632cd2cc75df316745,14612674813611AD69D0503E3A8C40813B6F6B2E1C6D642EF0249E230BB65B14,7101,lateral_right,lateral,377,0,"[0.9560278058052063,-0.23195554316043854,-0.9951611161231995,-0.30173346400260925,-0.3611447215080261,1.0,0.056189581751823425,0.00044909666758030653,0.04527551308274269,0.013384037651121616,0.09701862931251526,0.003911014646291733,0.025600019842386246,1.0,-1.0,0.2769056558609009]","[1.0,-0.5319764018058777,-0.08114883303642273,1.0]","{""applied_to_requested_ratio_mean_axis"":[0.0,0.0,0.0]}",roll_pos,roll_neg,"[0.19867990911006927,0.0,0.0,0.0]","[0.02483498863875866,0.0,0.0,0.0]","[0.0,0.0,0.0,0.0]",1.0052332340402508,1.0052332340402508,0.0,0.0,0.0,CLEAN,False,False,0.0,EXCLUDED_SIGNAL_GATE_FAILED
lateral_right_e00__roll_neg,281fa2170ec14dcb626ac9632cd2cc75df316745,14612674813611AD69D0503E3A8C40813B6F6B2E1C6D642EF0249E230BB65B14,7101,lateral_right,lateral,377,0,"[0.9560278058052063,-0.23195554316043854,-0.9951611161231995,-0.30173346400260925,-0.3611447215080261,1.0,0.056189581751823425,0.00044909666758030653,0.04527551308274269,0.013384037651121616,0.09701862931251526,0.003911014646291733,0.025600019842386246,1.0,-1.0,0.2769056558609009]","[1.0,-0.5319764018058777,-0.08114883303642273,1.0]","{""applied_to_requested_ratio_mean_axis"":[1.0000000750008455,0.0,0.0]}",roll_neg,roll_pos,"[-0.19867990911006927,0.0,0.0,0.0]","[-0.02483498863875866,0.0,0.0,0.0]","[-0.02483499050140381,0.0,0.0,0.0]",1.0052332340402508,1.0052332340402508,0.0,0.0,0.0,CLEAN,False,False,0.0,EXCLUDED_SIGNAL_GATE_FAILED
lateral_right_e00__pitch_pos,281fa2170ec14dcb626ac9632cd2cc75df316745,14612674813611AD69D0503E3A8C40813B6F6B2E1C6D642EF0249E230BB65B14,7101,lateral_right,lateral,377,0,"[0.9560278058052063,-0.23195554316043854,-0.9951611161231995,-0.30173346400260925,-0.3611447215080261,1.0,0.056189581751823425,0.00044909666758030653,0.04527551308274269,0.013384037651121616,0.09701862931251526,0.003911014646291733,0.025600019842386246,1.0,-1.0,0.2769056558609009]","[1.0,-0.5319764018058777,-0.08114883303642273,1.0]","{""applied_to_requested_ratio_mean_axis"":[0.0,1.0000000750008455,0.0]}",pitch_pos,pitch_pos,"[0.0,0.19867990911006927,0.0,0.0]","[0.0,0.02483498863875866,0.0,0.0]","[0.0,0.02483499050140381,0.0,0.0]",1.0052332340402508,1.0009528209935041,-0.004280413046746645,-0.016666666666666607,0.0,CLEAN,False,False,0.0,EXCLUDED_SIGNAL_GATE_FAILED
lateral_right_e00__pitch_neg,281fa2170ec14dcb626ac9632cd2cc75df316745,14612674813611AD69D0503E3A8C40813B6F6B2E1C6D642EF0249E230BB65B14,7101,lateral_right,lateral,377,0,"[0.9560278058052063,-0.23195554316043854,-0.9951611161231995,-0.30173346400260925,-0.3611447215080261,1.0,0.056189581751823425,0.00044909666758030653,0.04527551308274269,0.013384037651121616,0.09701862931251526,0.003911014646291733,0.025600019842386246,1.0,-1.0,0.2769056558609009]","[1.0,-0.5319764018058777,-0.08114883303642273,1.0]","{""applied_to_requested_ratio_mean_axis"":[0.0,0.6199389898121102,0.0]}",pitch_neg,pitch_neg,"[0.0,-0.19867990911006927,0.0,0.0]","[0.0,-0.02483498863875866,0.0,0.0]","[0.0,-0.015396177768707275,0.0,0.0]",1.0052332340402508,1.0044452284427114,-0.0007880055975393319,0.016666666666666607,0.0,CLEAN,False,False,0.0,EXCLUDED_SIGNAL_GATE_FAILED
lateral_right_e00__yaw_pos,281fa2170ec14dcb626ac9632cd2cc75df316745,14612674813611AD69D0503E3A8C40813B6F6B2E1C6D642EF0249E230BB65B14,7101,lateral_right,lateral,377,0,"[0.9560278058052063,-0.23195554316043854,-0.9951611161231995,-0.30173346400260925,-0.3611447215080261,1.0,0.056189581751823425,0.00044909666758030653,0.04527551308274269,0.013384037651121616,0.09701862931251526,0.003911014646291733,0.025600019842386246,1.0,-1.0,0.2769056558609009]","[1.0,-0.5319764018058777,-0.08114883303642273,1.0]","{""applied_to_requested_ratio_mean_axis"":[0.0,0.0,1.0000000750008455]}",yaw_pos,yaw_neg,"[0.0,0.0,0.19867990911006927,0.0]","[0.0,0.0,0.02483498863875866,0.0]","[0.0,0.0,0.02483499050140381,0.0]",1.0052332340402508,1.0029137039396263,-0.0023195301006244673,0.0,0.0,CLEAN,False,False,0.0,EXCLUDED_SIGNAL_GATE_FAILED
lateral_right_e00__yaw_neg,281fa2170ec14dcb626ac9632cd2cc75df316745,14612674813611AD69D0503E3A8C40813B6F6B2E1C6D642EF0249E230BB65B14,7101,lateral_right,lateral,377,0,"[0.9560278058052063,-0.23195554316043854,-0.9951611161231995,-0.30173346400260925,-0.3611447215080261,1.0,0.056189581751823425,0.00044909666758030653,0.04527551308274269,0.013384037651121616,0.09701862931251526,0.003911014646291733,0.025600019842386246,1.0,-1.0,0.2769056558609009]","[1.0,-0.5319764018058777,-0.08114883303642273,1.0]","{""applied_to_requested_ratio_mean_axis"":[0.0,0.0,0.39519655584116714]}",yaw_neg,yaw_pos,"[0.0,0.0,-0.19867990911006927,0.0]","[0.0,0.0,-0.02483498863875866,0.0]","[0.0,0.0,-0.009814701974391937,0.0]",1.0052332340402508,1.0053237771876997,9.054314744894043e-05,0.0,0.0,CLEAN,False,False,0.0,EXCLUDED_SIGNAL_GATE_FAILED
lateral_right_e03__roll_pos,281fa2170ec14dcb626ac9632cd2cc75df316745,14612674813611AD69D0503E3A8C40813B6F6B2E1C6D642EF0249E230BB65B14,7102,lateral_right,lateral,380,3,"[0.9185722470283508,-0.24345554411411285,-0.9933722019195557,-0.30087605118751526,-0.36157846450805664,1.0,0.05595983937382698,0.0003083251940552145,0.045813415199518204,0.010340905748307705,0.09505525976419449,0.006683073006570339,0.015782508999109268,1.0,-1.0,0.3031719923019409]","[1.0,-0.3419637978076935,-0.7702078819274902,1.0]","{""applied_to_requested_ratio_mean_axis"":[0.0,0.0,0.0]}",roll_pos,roll_neg,"[0.19867990911006927,0.0,0.0,0.0]","[0.02483498863875866,0.0,0.0,0.0]","[0.0,0.0,0.0,0.0]",1.0052332340402508,1.0052332340402508,0.0,0.0,0.0,CLEAN,False,False,0.0,EXCLUDED_SIGNAL_GATE_FAILED
lateral_right_e03__roll_neg,281fa2170ec14dcb626ac9632cd2cc75df316745,14612674813611AD69D0503E3A8C40813B6F6B2E1C6D642EF0249E230BB65B14,7102,lateral_right,lateral,380,3,"[0.9185722470283508,-0.24345554411411285,-0.9933722019195557,-0.30087605118751526,-0.36157846450805664,1.0,0.05595983937382698,0.0003083251940552145,0.045813415199518204,0.010340905748307705,0.09505525976419449,0.006683073006570339,0.015782508999109268,1.0,-1.0,0.3031719923019409]","[1.0,-0.3419637978076935,-0.7702078819274902,1.0]","{""applied_to_requested_ratio_mean_axis"":[1.0000000750008455,0.0,0.0]}",roll_neg,roll_pos,"[-0.19867990911006927,0.0,0.0,0.0]","[-0.02483498863875866,0.0,0.0,0.0]","[-0.02483499050140381,0.0,0.0,0.0]",1.0052332340402508,1.0052332340402508,0.0,0.0,0.0,CLEAN,False,False,0.0,EXCLUDED_SIGNAL_GATE_FAILED
lateral_right_e03__pitch_pos,281fa2170ec14dcb626ac9632cd2cc75df316745,14612674813611AD69D0503E3A8C40813B6F6B2E1C6D642EF0249E230BB65B14,7102,lateral_right,lateral,380,3,"[0.9185722470283508,-0.24345554411411285,-0.9933722019195557,-0.30087605118751526,-0.36157846450805664,1.0,0.05595983937382698,0.0003083251940552145,0.045813415199518204,0.010340905748307705,0.09505525976419449,0.006683073006570339,0.015782508999109268,1.0,-1.0,0.3031719923019409]","[1.0,-0.3419637978076935,-0.7702078819274902,1.0]","{""applied_to_requested_ratio_mean_axis"":[0.0,1.0000000750008455,0.0]}",pitch_pos,pitch_pos,"[0.0,0.19867990911006927,0.0,0.0]","[0.0,0.02483498863875866,0.0,0.0]","[0.0,0.02483499050140381,0.0,0.0]",1.0052332340402508,1.0027738185736665,-0.002459415466584236,0.0,0.0,CLEAN,False,False,0.0,EXCLUDED_SIGNAL_GATE_FAILED
lateral_right_e03__pitch_neg,281fa2170ec14dcb626ac9632cd2cc75df316745,14612674813611AD69D0503E3A8C40813B6F6B2E1C6D642EF0249E230BB65B14,7102,lateral_right,lateral,380,3,"[0.9185722470283508,-0.24345554411411285,-0.9933722019195557,-0.30087605118751526,-0.36157846450805664,1.0,0.05595983937382698,0.0003083251940552145,0.045813415199518204,0.010340905748307705,0.09505525976419449,0.006683073006570339,0.015782508999109268,1.0,-1.0,0.3031719923019409]","[1.0,-0.3419637978076935,-0.7702078819274902,1.0]","{""applied_to_requested_ratio_mean_axis"":[0.0,0.7436291844190542,0.0]}",pitch_neg,pitch_neg,"[0.0,-0.19867990911006927,0.0,0.0]","[0.0,-0.02483498863875866,0.0,0.0]","[0.0,-0.018468022346496582,0.0,0.0]",1.0052332340402508,1.0025292176011655,-0.002704016439085244,0.0,0.0,CLEAN,False,False,0.0,EXCLUDED_SIGNAL_GATE_FAILED
lateral_right_e03__yaw_pos,281fa2170ec14dcb626ac9632cd2cc75df316745,14612674813611AD69D0503E3A8C40813B6F6B2E1C6D642EF0249E230BB65B14,7102,lateral_right,lateral,380,3,"[0.9185722470283508,-0.24345554411411285,-0.9933722019195557,-0.30087605118751526,-0.36157846450805664,1.0,0.05595983937382698,0.0003083251940552145,0.045813415199518204,0.010340905748307705,0.09505525976419449,0.006683073006570339,0.015782508999109268,1.0,-1.0,0.3031719923019409]","[1.0,-0.3419637978076935,-0.7702078819274902,1.0]","{""applied_to_requested_ratio_mean_axis"":[0.0,0.0,1.0000000750008455]}",yaw_pos,yaw_neg,"[0.0,0.0,0.19867990911006927,0.0]","[0.0,0.0,0.02483498863875866,0.0]","[0.0,0.0,0.02483499050140381,0.0]",1.0052332340402508,1.0046583660321549,-0.000574868008095919,0.0,0.0,CLEAN,False,False,0.0,EXCLUDED_SIGNAL_GATE_FAILED
lateral_right_e03__yaw_neg,281fa2170ec14dcb626ac9632cd2cc75df316745,14612674813611AD69D0503E3A8C40813B6F6B2E1C6D642EF0249E230BB65B14,7102,lateral_right,lateral,380,3,"[0.9185722470283508,-0.24345554411411285,-0.9933722019195557,-0.30087605118751526,-0.36157846450805664,1.0,0.05595983937382698,0.0003083251940552145,0.045813415199518204,0.010340905748307705,0.09505525976419449,0.006683073006570339,0.015782508999109268,1.0,-1.0,0.3031719923019409]","[1.0,-0.3419637978076935,-0.7702078819274902,1.0]","{""applied_to_requested_ratio_mean_axis"":[0.0,0.0,0.047407734522206736]}",yaw_neg,yaw_pos,"[0.0,0.0,-0.19867990911006927,0.0]","[0.0,0.0,-0.02483498863875866,0.0]","[0.0,0.0,-0.001177370548248291,0.0]",1.0052332340402508,1.0052413142520058,8.080211755023825e-06,0.0,0.0,CLEAN,False,False,0.0,EXCLUDED_SIGNAL_GATE_FAILED
lateral_right_e06__roll_pos,281fa2170ec14dcb626ac9632cd2cc75df316745,14612674813611AD69D0503E3A8C40813B6F6B2E1C6D642EF0249E230BB65B14,7103,lateral_right,lateral,383,6,"[0.8878055214881897,-0.25056666135787964,-0.9917555451393127,-0.29967570304870605,-0.3620274066925049,1.0,0.05573751777410507,0.00016755574324633926,0.04633892700076103,0.010102846659719944,0.09313216805458069,0.00887507013976574,0.009652103297412395,1.0,-1.0,0.3060128688812256]","[1.0,-0.23848257958889008,-1.0,1.0]","{""applied_to_requested_ratio_mean_axis"":[0.0,0.0,0.0]}",roll_pos,roll_neg,"[0.19867990911006927,0.0,0.0,0.0]","[0.02483498863875866,0.0,0.0,0.0]","[0.0,0.0,0.0,0.0]",1.0052332340402508,1.0052332340402508,0.0,0.0,0.0,CLEAN,False,False,0.0,EXCLUDED_SIGNAL_GATE_FAILED
lateral_right_e06__roll_neg,281fa2170ec14dcb626ac9632cd2cc75df316745,14612674813611AD69D0503E3A8C40813B6F6B2E1C6D642EF0249E230BB65B14,7103,lateral_right,lateral,383,6,"[0.8878055214881897,-0.25056666135787964,-0.9917555451393127,-0.29967570304870605,-0.3620274066925049,1.0,0.05573751777410507,0.00016755574324633926,0.04633892700076103,0.010102846659719944,0.09313216805458069,0.00887507013976574,0.009652103297412395,1.0,-1.0,0.3060128688812256]","[1.0,-0.23848257958889008,-1.0,1.0]","{""applied_to_requested_ratio_mean_axis"":[1.0000000750008455,0.0,0.0]}",roll_neg,roll_pos,"[-0.19867990911006927,0.0,0.0,0.0]","[-0.02483498863875866,0.0,0.0,0.0]","[-0.02483499050140381,0.0,0.0,0.0]",1.0052332340402508,1.0052332340402508,0.0,0.0,0.0,CLEAN,False,False,0.0,EXCLUDED_SIGNAL_GATE_FAILED
lateral_right_e06__pitch_pos,281fa2170ec14dcb626ac9632cd2cc75df316745,14612674813611AD69D0503E3A8C40813B6F6B2E1C6D642EF0249E230BB65B14,7103,lateral_right,lateral,383,6,"[0.8878055214881897,-0.25056666135787964,-0.9917555451393127,-0.29967570304870605,-0.3620274066925049,1.0,0.05573751777410507,0.00016755574324633926,0.04633892700076103,0.010102846659719944,0.09313216805458069,0.00887507013976574,0.009652103297412395,1.0,-1.0,0.3060128688812256]","[1.0,-0.23848257958889008,-1.0,1.0]","{""applied_to_requested_ratio_mean_axis"":[0.0,1.0000000750008455,0.0]}",pitch_pos,pitch_pos,"[0.0,0.19867990911006927,0.0,0.0]","[0.0,0.02483498863875866,0.0,0.0]","[0.0,0.02483499050140381,0.0,0.0]",1.0052332340402508,1.002756828977996,-0.0024764050622547717,0.0,0.0,CLEAN,False,False,0.0,EXCLUDED_SIGNAL_GATE_FAILED
lateral_right_e06__pitch_neg,281fa2170ec14dcb626ac9632cd2cc75df316745,14612674813611AD69D0503E3A8C40813B6F6B2E1C6D642EF0249E230BB65B14,7103,lateral_right,lateral,383,6,"[0.8878055214881897,-0.25056666135787964,-0.9917555451393127,-0.29967570304870605,-0.3620274066925049,1.0,0.05573751777410507,0.00016755574324633926,0.04633892700076103,0.010102846659719944,0.09313216805458069,0.00887507013976574,0.009652103297412395,1.0,-1.0,0.3060128688812256]","[1.0,-0.23848257958889008,-1.0,1.0]","{""applied_to_requested_ratio_mean_axis"":[0.0,0.8145484840341575,0.0]}",pitch_neg,pitch_neg,"[0.0,-0.19867990911006927,0.0,0.0]","[0.0,-0.02483498863875866,0.0,0.0]","[0.0,-0.02022930234670639,0.0,0.0]",1.0052332340402508,1.0017120712275234,-0.0035211628127274075,0.0,0.0,CLEAN,False,False,0.0,EXCLUDED_SIGNAL_GATE_FAILED
lateral_right_e06__yaw_pos,281fa2170ec14dcb626ac9632cd2cc75df316745,14612674813611AD69D0503E3A8C40813B6F6B2E1C6D642EF0249E230BB65B14,7103,lateral_right,lateral,383,6,"[0.8878055214881897,-0.25056666135787964,-0.9917555451393127,-0.29967570304870605,-0.3620274066925049,1.0,0.05573751777410507,0.00016755574324633926,0.04633892700076103,0.010102846659719944,0.09313216805458069,0.00887507013976574,0.009652103297412395,1.0,-1.0,0.3060128688812256]","[1.0,-0.23848257958889008,-1.0,1.0]","{""applied_to_requested_ratio_mean_axis"":[0.0,0.0,1.0000000750008455]}",yaw_pos,yaw_neg,"[0.0,0.0,0.19867990911006927,0.0]","[0.0,0.0,0.02483498863875866,0.0]","[0.0,0.0,0.02483499050140381,0.0]",1.0052332340402508,1.0046344990569573,-0.0005987349832934363,0.0,0.0,CLEAN,False,False,0.0,EXCLUDED_SIGNAL_GATE_FAILED
lateral_right_e06__yaw_neg,281fa2170ec14dcb626ac9632cd2cc75df316745,14612674813611AD69D0503E3A8C40813B6F6B2E1C6D642EF0249E230BB65B14,7103,lateral_right,lateral,383,6,"[0.8878055214881897,-0.25056666135787964,-0.9917555451393127,-0.29967570304870605,-0.3620274066925049,1.0,0.05573751777410507,0.00016755574324633926,0.04633892700076103,0.010102846659719944,0.09313216805458069,0.00887507013976574,0.009652103297412395,1.0,-1.0,0.3060128688812256]","[1.0,-0.23848257958889008,-1.0,1.0]","{""applied_to_requested_ratio_mean_axis"":[0.0,0.0,0.0]}",yaw_neg,yaw_pos,"[0.0,0.0,-0.19867990911006927,0.0]","[0.0,0.0,-0.02483498863875866,0.0]","[0.0,0.0,-0.0,0.0]",1.0052332340402508,1.0052332340402508,0.0,0.0,0.0,CLEAN,False,False,0.0,EXCLUDED_SIGNAL_GATE_FAILED
vertical_high_e00__roll_pos,281fa2170ec14dcb626ac9632cd2cc75df316745,16AC818CB054ACF4DEF3E422D788B41A36432B5D0BD2E6F6EDF6E0BA4261EEF2,7101,vertical_high,vertical,500,0,"[0.5850889086723328,-0.3823778033256531,-0.9865944385528564,-0.30104750394821167,-0.34289973974227905,1.0,0.051112230867147446,0.004680581856518984,0.06439849734306335,0.013425126671791077,0.042016930878162384,-0.006614907644689083,0.023366298526525497,1.0,-1.0,0.2710682153701782]","[-1.0,-0.4024730622768402,1.0,1.0]","{""applied_to_requested_ratio_mean_axis"":[1.0000000750008455,0.0,0.0]}",roll_pos,roll_pos,"[0.19867990911006927,0.0,0.0,0.0]","[0.02483498863875866,0.0,0.0,0.0]","[0.02483499050140381,0.0,0.0,0.0]",1.0000831540069997,1.0005047767752964,0.0004216227682967144,0.033333333333333215,-0.01666666666666572,CLEAN,False,False,0.0,EXCLUDED_SIGNAL_GATE_FAILED
vertical_high_e00__roll_neg,281fa2170ec14dcb626ac9632cd2cc75df316745,16AC818CB054ACF4DEF3E422D788B41A36432B5D0BD2E6F6EDF6E0BA4261EEF2,7101,vertical_high,vertical,500,0,"[0.5850889086723328,-0.3823778033256531,-0.9865944385528564,-0.30104750394821167,-0.34289973974227905,1.0,0.051112230867147446,0.004680581856518984,0.06439849734306335,0.013425126671791077,0.042016930878162384,-0.006614907644689083,0.023366298526525497,1.0,-1.0,0.2710682153701782]","[-1.0,-0.4024730622768402,1.0,1.0]","{""applied_to_requested_ratio_mean_axis"":[0.12184577381109972,0.0,0.0]}",roll_neg,roll_neg,"[-0.19867990911006927,0.0,0.0,0.0]","[-0.02483498863875866,0.0,0.0,0.0]","[-0.003026038408279419,0.0,0.0,0.0]",1.0000831540069997,1.0013838450111792,0.0013006910041795106,0.016666666666666607,0.0,CLEAN,False,False,0.0,MEANINGFUL_ACTION_BUT_DATASET_GATE_FAILED
vertical_high_e00__pitch_pos,281fa2170ec14dcb626ac9632cd2cc75df316745,16AC818CB054ACF4DEF3E422D788B41A36432B5D0BD2E6F6EDF6E0BA4261EEF2,7101,vertical_high,vertical,500,0,"[0.5850889086723328,-0.3823778033256531,-0.9865944385528564,-0.30104750394821167,-0.34289973974227905,1.0,0.051112230867147446,0.004680581856518984,0.06439849734306335,0.013425126671791077,0.042016930878162384,-0.006614907644689083,0.023366298526525497,1.0,-1.0,0.2710682153701782]","[-1.0,-0.4024730622768402,1.0,1.0]","{""applied_to_requested_ratio_mean_axis"":[0.0,1.0000000750008455,0.0]}",pitch_pos,pitch_pos,"[0.0,0.19867990911006927,0.0,0.0]","[0.0,0.02483498863875866,0.0,0.0]","[0.0,0.02483499050140381,0.0,0.0]",1.0000831540069997,1.0021233633672444,0.002040209360244738,0.016666666666666607,0.0,CLEAN,False,False,0.0,MEANINGFUL_ACTION_BUT_DATASET_GATE_FAILED
vertical_high_e00__pitch_neg,281fa2170ec14dcb626ac9632cd2cc75df316745,16AC818CB054ACF4DEF3E422D788B41A36432B5D0BD2E6F6EDF6E0BA4261EEF2,7101,vertical_high,vertical,500,0,"[0.5850889086723328,-0.3823778033256531,-0.9865944385528564,-0.30104750394821167,-0.34289973974227905,1.0,0.051112230867147446,0.004680581856518984,0.06439849734306335,0.013425126671791077,0.042016930878162384,-0.006614907644689083,0.023366298526525497,1.0,-1.0,0.2710682153701782]","[-1.0,-0.4024730622768402,1.0,1.0]","{""applied_to_requested_ratio_mean_axis"":[0.0,0.6347909572680431,0.0]}",pitch_neg,pitch_neg,"[0.0,-0.19867990911006927,0.0,0.0]","[0.0,-0.02483498863875866,0.0,0.0]","[0.0,-0.015765026211738586,0.0,0.0]",1.0000831540069997,1.0011013812300198,0.0010182272230201406,0.0,0.0,CLEAN,False,False,0.0,MEANINGFUL_ACTION_BUT_DATASET_GATE_FAILED
vertical_high_e00__yaw_pos,281fa2170ec14dcb626ac9632cd2cc75df316745,16AC818CB054ACF4DEF3E422D788B41A36432B5D0BD2E6F6EDF6E0BA4261EEF2,7101,vertical_high,vertical,500,0,"[0.5850889086723328,-0.3823778033256531,-0.9865944385528564,-0.30104750394821167,-0.34289973974227905,1.0,0.051112230867147446,0.004680581856518984,0.06439849734306335,0.013425126671791077,0.042016930878162384,-0.006614907644689083,0.023366298526525497,1.0,-1.0,0.2710682153701782]","[-1.0,-0.4024730622768402,1.0,1.0]","{""applied_to_requested_ratio_mean_axis"":[0.0,0.0,0.09482226912108434]}",yaw_pos,yaw_pos,"[0.0,0.0,0.19867990911006927,0.0]","[0.0,0.0,0.02483498863875866,0.0]","[0.0,0.0,0.0023549099763234458,0.0]",1.0000831540069997,1.000985544054582,0.0009023900475824131,0.016666666666666607,0.0,CLEAN,False,False,0.0,EXCLUDED_SIGNAL_GATE_FAILED
vertical_high_e00__yaw_neg,281fa2170ec14dcb626ac9632cd2cc75df316745,16AC818CB054ACF4DEF3E422D788B41A36432B5D0BD2E6F6EDF6E0BA4261EEF2,7101,vertical_high,vertical,500,0,"[0.5850889086723328,-0.3823778033256531,-0.9865944385528564,-0.30104750394821167,-0.34289973974227905,1.0,0.051112230867147446,0.004680581856518984,0.06439849734306335,0.013425126671791077,0.042016930878162384,-0.006614907644689083,0.023366298526525497,1.0,-1.0,0.2710682153701782]","[-1.0,-0.4024730622768402,1.0,1.0]","{""applied_to_requested_ratio_mean_axis"":[0.0,0.0,1.0000000750008455]}",yaw_neg,yaw_neg,"[0.0,0.0,-0.19867990911006927,0.0]","[0.0,0.0,-0.02483498863875866,0.0]","[0.0,0.0,-0.02483499050140381,0.0]",1.0000831540069997,1.0014287256645444,0.0013455716575447862,0.016666666666666607,0.0,CLEAN,False,False,0.0,MEANINGFUL_ACTION_BUT_DATASET_GATE_FAILED
vertical_high_e03__roll_pos,281fa2170ec14dcb626ac9632cd2cc75df316745,16AC818CB054ACF4DEF3E422D788B41A36432B5D0BD2E6F6EDF6E0BA4261EEF2,7102,vertical_high,vertical,503,3,"[0.5426333546638489,-0.38126665353775024,-0.9827888607978821,-0.29984715580940247,-0.3437751233577728,1.0,0.05100100859999657,0.0047098975628614426,0.06458508223295212,0.010252797976136208,0.04149970784783363,-0.0033949597273021936,0.019348585978150368,1.0,-1.0,0.2977033853530884]","[-0.9903527498245239,-0.35611239075660706,0.9990566968917847,1.0]","{""applied_to_requested_ratio_mean_axis"":[0.6487971151874737,0.0,0.0]}",roll_pos,roll_pos,"[0.19867990911006927,0.0,0.0,0.0]","[0.02483498863875866,0.0,0.0,0.0]","[0.016112868984540302,0.0,0.0,0.0]",1.0000831540069997,1.0005047767752964,0.0004216227682967144,0.033333333333333215,-0.01666666666666572,CLEAN,False,False,0.0,EXCLUDED_SIGNAL_GATE_FAILED
vertical_high_e03__roll_neg,281fa2170ec14dcb626ac9632cd2cc75df316745,16AC818CB054ACF4DEF3E422D788B41A36432B5D0BD2E6F6EDF6E0BA4261EEF2,7102,vertical_high,vertical,503,3,"[0.5426333546638489,-0.38126665353775024,-0.9827888607978821,-0.29984715580940247,-0.3437751233577728,1.0,0.05100100859999657,0.0047098975628614426,0.06458508223295212,0.010252797976136208,0.04149970784783363,-0.0033949597273021936,0.019348585978150368,1.0,-1.0,0.2977033853530884]","[-0.9903527498245239,-0.35611239075660706,0.9990566968917847,1.0]","{""applied_to_requested_ratio_mean_axis"":[0.6218458113115225,0.0,0.0]}",roll_neg,roll_neg,"[-0.19867990911006927,0.0,0.0,0.0]","[-0.02483498863875866,0.0,0.0,0.0]","[-0.015443533658981323,0.0,0.0,0.0]",1.0000831540069997,1.0013838450111792,0.0013006910041795106,0.016666666666666607,0.0,CLEAN,False,False,0.0,MEANINGFUL_ACTION_BUT_DATASET_GATE_FAILED
vertical_high_e03__pitch_pos,281fa2170ec14dcb626ac9632cd2cc75df316745,16AC818CB054ACF4DEF3E422D788B41A36432B5D0BD2E6F6EDF6E0BA4261EEF2,7102,vertical_high,vertical,503,3,"[0.5426333546638489,-0.38126665353775024,-0.9827888607978821,-0.29984715580940247,-0.3437751233577728,1.0,0.05100100859999657,0.0047098975628614426,0.06458508223295212,0.010252797976136208,0.04149970784783363,-0.0033949597273021936,0.019348585978150368,1.0,-1.0,0.2977033853530884]","[-0.9903527498245239,-0.35611239075660706,0.9990566968917847,1.0]","{""applied_to_requested_ratio_mean_axis"":[0.0,1.0000000750008455,0.0]}",pitch_pos,pitch_pos,"[0.0,0.19867990911006927,0.0,0.0]","[0.0,0.02483498863875866,0.0,0.0]","[0.0,0.02483499050140381,0.0,0.0]",1.0000831540069997,1.0016698084250506,0.0015866544180509479,0.016666666666666607,0.0,CLEAN,False,False,0.0,MEANINGFUL_ACTION_BUT_DATASET_GATE_FAILED
vertical_high_e03__pitch_neg,281fa2170ec14dcb626ac9632cd2cc75df316745,16AC818CB054ACF4DEF3E422D788B41A36432B5D0BD2E6F6EDF6E0BA4261EEF2,7102,vertical_high,vertical,503,3,"[0.5426333546638489,-0.38126665353775024,-0.9827888607978821,-0.29984715580940247,-0.3437751233577728,1.0,0.05100100859999657,0.0047098975628614426,0.06458508223295212,0.010252797976136208,0.04149970784783363,-0.0033949597273021936,0.019348585978150368,1.0,-1.0,0.2977033853530884]","[-0.9903527498245239,-0.35611239075660706,0.9990566968917847,1.0]","{""applied_to_requested_ratio_mean_axis"":[0.0,0.6825635959045439,0.0]}",pitch_neg,pitch_neg,"[0.0,-0.19867990911006927,0.0,0.0]","[0.0,-0.02483498863875866,0.0,0.0]","[0.0,-0.016951459149519604,0.0,0.0]",1.0000831540069997,1.0007279481174696,0.0006447941104699151,0.0,0.0,CLEAN,False,False,0.0,EXCLUDED_SIGNAL_GATE_FAILED
vertical_high_e03__yaw_pos,281fa2170ec14dcb626ac9632cd2cc75df316745,16AC818CB054ACF4DEF3E422D788B41A36432B5D0BD2E6F6EDF6E0BA4261EEF2,7102,vertical_high,vertical,503,3,"[0.5426333546638489,-0.38126665353775024,-0.9827888607978821,-0.29984715580940247,-0.3437751233577728,1.0,0.05100100859999657,0.0047098975628614426,0.06458508223295212,0.010252797976136208,0.04149970784783363,-0.0033949597273021936,0.019348585978150368,1.0,-1.0,0.2977033853530884]","[-0.9903527498245239,-0.35611239075660706,0.9990566968917847,1.0]","{""applied_to_requested_ratio_mean_axis"":[0.0,0.0,0.4651981951096498]}",yaw_pos,yaw_pos,"[0.0,0.0,0.19867990911006927,0.0]","[0.0,0.0,0.02483498863875866,0.0]","[0.0,0.0,0.011553191890319189,0.0]",1.0000831540069997,1.0023344485315318,0.0022512945245320992,0.016666666666666607,0.0,CLEAN,False,False,0.0,MEANINGFUL_ACTION_BUT_DATASET_GATE_FAILED
vertical_high_e03__yaw_neg,281fa2170ec14dcb626ac9632cd2cc75df316745,16AC818CB054ACF4DEF3E422D788B41A36432B5D0BD2E6F6EDF6E0BA4261EEF2,7102,vertical_high,vertical,503,3,"[0.5426333546638489,-0.38126665353775024,-0.9827888607978821,-0.29984715580940247,-0.3437751233577728,1.0,0.05100100859999657,0.0047098975628614426,0.06458508223295212,0.010252797976136208,0.04149970784783363,-0.0033949597273021936,0.019348585978150368,1.0,-1.0,0.2977033853530884]","[-0.9903527498245239,-0.35611239075660706,0.9990566968917847,1.0]","{""applied_to_requested_ratio_mean_axis"":[0.0,0.0,1.0000000750008455]}",yaw_neg,yaw_neg,"[0.0,0.0,-0.19867990911006927,0.0]","[0.0,0.0,-0.02483498863875866,0.0]","[0.0,0.0,-0.02483499050140381,0.0]",1.0000831540069997,1.0013615628395334,0.0012784088325337173,0.016666666666666607,0.0,CLEAN,False,False,0.0,MEANINGFUL_ACTION_BUT_DATASET_GATE_FAILED
vertical_high_e06__roll_pos,281fa2170ec14dcb626ac9632cd2cc75df316745,16AC818CB054ACF4DEF3E422D788B41A36432B5D0BD2E6F6EDF6E0BA4261EEF2,7103,vertical_high,vertical,506,6,"[0.4990500211715698,-0.37906667590141296,-0.9795110821723938,-0.2988182604312897,-0.344657301902771,1.0,0.050882380455732346,0.004733346868306398,0.06476684659719467,0.007491272408515215,0.04096249118447304,-0.0002479245886206627,0.014974942430853844,1.0,-1.0,0.32101523876190186]","[0.3254231810569763,-0.36433446407318115,0.4392484128475189,1.0]","{""applied_to_requested_ratio_mean_axis"":[0.18537869014473138,0.0,0.0]}",roll_pos,roll_pos,"[0.19867990911006927,0.0,0.0,0.0]","[0.02483498863875866,0.0,0.0,0.0]","[0.004603877663612366,0.0,0.0,0.0]",1.0000831540069997,1.0000831540069997,0.0,0.0,0.0,CLEAN,False,False,0.0,EXCLUDED_SIGNAL_GATE_FAILED
vertical_high_e06__roll_neg,281fa2170ec14dcb626ac9632cd2cc75df316745,16AC818CB054ACF4DEF3E422D788B41A36432B5D0BD2E6F6EDF6E0BA4261EEF2,7103,vertical_high,vertical,506,6,"[0.4990500211715698,-0.37906667590141296,-0.9795110821723938,-0.2988182604312897,-0.344657301902771,1.0,0.050882380455732346,0.004733346868306398,0.06476684659719467,0.007491272408515215,0.04096249118447304,-0.0002479245886206627,0.014974942430853844,1.0,-1.0,0.32101523876190186]","[0.3254231810569763,-0.36433446407318115,0.4392484128475189,1.0]","{""applied_to_requested_ratio_mean_axis"":[1.0000000750008455,0.0,0.0]}",roll_neg,roll_neg,"[-0.19867990911006927,0.0,0.0,0.0]","[-0.02483498863875866,0.0,0.0,0.0]","[-0.02483499050140381,0.0,0.0,0.0]",1.0000831540069997,1.0000831540069997,0.0,0.0,0.0,CLEAN,False,False,0.0,EXCLUDED_SIGNAL_GATE_FAILED
vertical_high_e06__pitch_pos,281fa2170ec14dcb626ac9632cd2cc75df316745,16AC818CB054ACF4DEF3E422D788B41A36432B5D0BD2E6F6EDF6E0BA4261EEF2,7103,vertical_high,vertical,506,6,"[0.4990500211715698,-0.37906667590141296,-0.9795110821723938,-0.2988182604312897,-0.344657301902771,1.0,0.050882380455732346,0.004733346868306398,0.06476684659719467,0.007491272408515215,0.04096249118447304,-0.0002479245886206627,0.014974942430853844,1.0,-1.0,0.32101523876190186]","[0.3254231810569763,-0.36433446407318115,0.4392484128475189,1.0]","{""applied_to_requested_ratio_mean_axis"":[0.0,1.0000000750008455,0.0]}",pitch_pos,pitch_pos,"[0.0,0.19867990911006927,0.0,0.0]","[0.0,0.02483498863875866,0.0,0.0]","[0.0,0.02483499050140381,0.0,0.0]",1.0000831540069997,1.0003286919723213,0.0002455379653216738,0.0,0.0,CLEAN,False,False,0.0,EXCLUDED_SIGNAL_GATE_FAILED
vertical_high_e06__pitch_neg,281fa2170ec14dcb626ac9632cd2cc75df316745,16AC818CB054ACF4DEF3E422D788B41A36432B5D0BD2E6F6EDF6E0BA4261EEF2,7103,vertical_high,vertical,506,6,"[0.4990500211715698,-0.37906667590141296,-0.9795110821723938,-0.2988182604312897,-0.344657301902771,1.0,0.050882380455732346,0.004733346868306398,0.06476684659719467,0.007491272408515215,0.04096249118447304,-0.0002479245886206627,0.014974942430853844,1.0,-1.0,0.32101523876190186]","[0.3254231810569763,-0.36433446407318115,0.4392484128475189,1.0]","{""applied_to_requested_ratio_mean_axis"":[0.0,0.7797463916405657,0.0]}",pitch_neg,pitch_neg,"[0.0,-0.19867990911006927,0.0,0.0]","[0.0,-0.02483498863875866,0.0,0.0]","[0.0,-0.01936499277750651,0.0,0.0]",1.0000831540069997,1.0011350143557312,0.0010518603487315037,0.0,0.0,CLEAN,False,False,0.0,MEANINGFUL_ACTION_BUT_DATASET_GATE_FAILED
vertical_high_e06__yaw_pos,281fa2170ec14dcb626ac9632cd2cc75df316745,16AC818CB054ACF4DEF3E422D788B41A36432B5D0BD2E6F6EDF6E0BA4261EEF2,7103,vertical_high,vertical,506,6,"[0.4990500211715698,-0.37906667590141296,-0.9795110821723938,-0.2988182604312897,-0.344657301902771,1.0,0.050882380455732346,0.004733346868306398,0.06476684659719467,0.007491272408515215,0.04096249118447304,-0.0002479245886206627,0.014974942430853844,1.0,-1.0,0.32101523876190186]","[0.3254231810569763,-0.36433446407318115,0.4392484128475189,1.0]","{""applied_to_requested_ratio_mean_axis"":[0.0,0.0,0.8703759634889883]}",yaw_pos,yaw_pos,"[0.0,0.0,0.19867990911006927,0.0]","[0.0,0.0,0.02483498863875866,0.0]","[0.0,0.0,0.021615777164697647,0.0]",1.0000831540069997,1.0012542122225738,0.0011710582155741722,0.016666666666666607,0.0,CLEAN,False,False,0.0,MEANINGFUL_ACTION_BUT_DATASET_GATE_FAILED
vertical_high_e06__yaw_neg,281fa2170ec14dcb626ac9632cd2cc75df316745,16AC818CB054ACF4DEF3E422D788B41A36432B5D0BD2E6F6EDF6E0BA4261EEF2,7103,vertical_high,vertical,506,6,"[0.4990500211715698,-0.37906667590141296,-0.9795110821723938,-0.2988182604312897,-0.344657301902771,1.0,0.050882380455732346,0.004733346868306398,0.06476684659719467,0.007491272408515215,0.04096249118447304,-0.0002479245886206627,0.014974942430853844,1.0,-1.0,0.32101523876190186]","[0.3254231810569763,-0.36433446407318115,0.4392484128475189,1.0]","{""applied_to_requested_ratio_mean_axis"":[0.0,0.0,0.905073204700383]}",yaw_neg,yaw_neg,"[0.0,0.0,-0.19867990911006927,0.0]","[0.0,0.0,-0.02483498863875866,0.0]","[0.0,0.0,-0.0224774827559789,0.0]",1.0000831540069997,1.0011939601718618,0.0011108061648621437,0.016666666666666607,0.0,CLEAN,False,False,0.0,MEANINGFUL_ACTION_BUT_DATASET_GATE_FAILED
vertical_low_e00__roll_pos,281fa2170ec14dcb626ac9632cd2cc75df316745,B967FBE7029A72FFA521614F2546DFDCE090F1D8F75EA814B034B655B4A66870,7101,vertical_low,vertical,402,0,"[0.9138555526733398,-0.3329777717590332,-0.9804999828338623,-0.21496455371379852,-0.3957541584968567,1.0,0.05414047837257385,0.003407727926969528,0.058655548840761185,0.00044044372043572366,0.05860461667180061,-0.00042056877282448113,0.0002654098498169333,1.0,-1.0,0.3701564073562622]","[0.02308165654540062,-0.0691443458199501,-0.021452300250530243,1.0]","{""applied_to_requested_ratio_mean_axis"":[0.9886630705159639,0.0,0.0]}",roll_pos,roll_neg,"[0.19867990911006927,0.0,0.0,0.0]","[0.02483498863875866,0.0,0.0,0.0]","[0.024553436165054638,0.0,0.0,0.0]",1.0008984457162347,1.0009191148298593,2.0669113624638413e-05,0.0,0.0,CLEAN,False,False,0.0,EXCLUDED_SIGNAL_GATE_FAILED
vertical_low_e00__roll_neg,281fa2170ec14dcb626ac9632cd2cc75df316745,B967FBE7029A72FFA521614F2546DFDCE090F1D8F75EA814B034B655B4A66870,7101,vertical_low,vertical,402,0,"[0.9138555526733398,-0.3329777717590332,-0.9804999828338623,-0.21496455371379852,-0.3957541584968567,1.0,0.05414047837257385,0.003407727926969528,0.058655548840761185,0.00044044372043572366,0.05860461667180061,-0.00042056877282448113,0.0002654098498169333,1.0,-1.0,0.3701564073562622]","[0.02308165654540062,-0.0691443458199501,-0.021452300250530243,1.0]","{""applied_to_requested_ratio_mean_axis"":[0.9936358236540679,0.0,0.0]}",roll_neg,roll_pos,"[-0.19867990911006927,0.0,0.0,0.0]","[-0.02483498863875866,0.0,0.0,0.0]","[-0.024676934505502384,0.0,0.0,0.0]",1.0008984457162347,1.0006410925561633,-0.0002573531600713608,0.0,0.0,CLEAN,False,False,0.0,EXCLUDED_SIGNAL_GATE_FAILED
vertical_low_e00__pitch_pos,281fa2170ec14dcb626ac9632cd2cc75df316745,B967FBE7029A72FFA521614F2546DFDCE090F1D8F75EA814B034B655B4A66870,7101,vertical_low,vertical,402,0,"[0.9138555526733398,-0.3329777717590332,-0.9804999828338623,-0.21496455371379852,-0.3957541584968567,1.0,0.05414047837257385,0.003407727926969528,0.058655548840761185,0.00044044372043572366,0.05860461667180061,-0.00042056877282448113,0.0002654098498169333,1.0,-1.0,0.3701564073562622]","[0.02308165654540062,-0.0691443458199501,-0.021452300250530243,1.0]","{""applied_to_requested_ratio_mean_axis"":[0.0,1.0000000750008455,0.0]}",pitch_pos,pitch_neg,"[0.0,0.19867990911006927,0.0,0.0]","[0.0,0.02483498863875866,0.0,0.0]","[0.0,0.02483499050140381,0.0,0.0]",1.0008984457162347,1.0006236739184053,-0.0002747717978293096,0.0,0.0,CLEAN,False,False,0.0,EXCLUDED_SIGNAL_GATE_FAILED
vertical_low_e00__pitch_neg,281fa2170ec14dcb626ac9632cd2cc75df316745,B967FBE7029A72FFA521614F2546DFDCE090F1D8F75EA814B034B655B4A66870,7101,vertical_low,vertical,402,0,"[0.9138555526733398,-0.3329777717590332,-0.9804999828338623,-0.21496455371379852,-0.3957541584968567,1.0,0.05414047837257385,0.003407727926969528,0.058655548840761185,0.00044044372043572366,0.05860461667180061,-0.00042056877282448113,0.0002654098498169333,1.0,-1.0,0.3701564073562622]","[0.02308165654540062,-0.0691443458199501,-0.021452300250530243,1.0]","{""applied_to_requested_ratio_mean_axis"":[0.0,0.9323287620067916,0.0]}",pitch_neg,pitch_pos,"[0.0,-0.19867990911006927,0.0,0.0]","[0.0,-0.02483498863875866,0.0,0.0]","[0.0,-0.023154374212026596,0.0,0.0]",1.0008984457162347,1.0009139814803578,1.5535764123164597e-05,0.0,0.0,CLEAN,False,False,0.0,EXCLUDED_SIGNAL_GATE_FAILED
vertical_low_e00__yaw_pos,281fa2170ec14dcb626ac9632cd2cc75df316745,B967FBE7029A72FFA521614F2546DFDCE090F1D8F75EA814B034B655B4A66870,7101,vertical_low,vertical,402,0,"[0.9138555526733398,-0.3329777717590332,-0.9804999828338623,-0.21496455371379852,-0.3957541584968567,1.0,0.05414047837257385,0.003407727926969528,0.058655548840761185,0.00044044372043572366,0.05860461667180061,-0.00042056877282448113,0.0002654098498169333,1.0,-1.0,0.3701564073562622]","[0.02308165654540062,-0.0691443458199501,-0.021452300250530243,1.0]","{""applied_to_requested_ratio_mean_axis"":[0.0,0.0,0.9980871440575493]}",yaw_pos,yaw_pos,"[0.0,0.0,0.19867990911006927,0.0]","[0.0,0.0,0.02483498863875866,0.0]","[0.0,0.0,0.0247874828055501,0.0]",1.0008984457162347,1.0008718604178883,-2.658529834631551e-05,0.0,0.0,CLEAN,False,False,0.0,EXCLUDED_SIGNAL_GATE_FAILED
vertical_low_e00__yaw_neg,281fa2170ec14dcb626ac9632cd2cc75df316745,B967FBE7029A72FFA521614F2546DFDCE090F1D8F75EA814B034B655B4A66870,7101,vertical_low,vertical,402,0,"[0.9138555526733398,-0.3329777717590332,-0.9804999828338623,-0.21496455371379852,-0.3957541584968567,1.0,0.05414047837257385,0.003407727926969528,0.058655548840761185,0.00044044372043572366,0.05860461667180061,-0.00042056877282448113,0.0002654098498169333,1.0,-1.0,0.3701564073562622]","[0.02308165654540062,-0.0691443458199501,-0.021452300250530243,1.0]","{""applied_to_requested_ratio_mean_axis"":[0.0,0.0,0.9892878698457325]}",yaw_neg,yaw_neg,"[0.0,0.0,-0.19867990911006927,0.0]","[0.0,0.0,-0.02483498863875866,0.0]","[0.0,0.0,-0.024568952930470307,0.0]",1.0008984457162347,1.0008365094177232,-6.193629851147797e-05,0.0,0.0,CLEAN,False,False,0.0,EXCLUDED_SIGNAL_GATE_FAILED
vertical_low_e03__roll_pos,281fa2170ec14dcb626ac9632cd2cc75df316745,B967FBE7029A72FFA521614F2546DFDCE090F1D8F75EA814B034B655B4A66870,7102,vertical_low,vertical,405,3,"[0.9167889356613159,-0.3342222273349762,-0.9806610941886902,-0.21307826042175293,-0.3967306613922119,1.0,0.0539330318570137,0.003384256735444069,0.058698393404483795,0.0005265746731311083,0.05798078700900078,-0.0005022890982218087,0.0003207038971595466,1.0,-1.0,0.3711320161819458]","[-0.01481364294886589,-0.07189420610666275,0.0026943720877170563,1.0]","{""applied_to_requested_ratio_mean_axis"":[0.9820480475917366,0.0,0.0]}",roll_pos,roll_neg,"[0.19867990911006927,0.0,0.0,0.0]","[0.02483498863875866,0.0,0.0,0.0]","[0.024389152104655903,0.0,0.0,0.0]",1.0008984457162347,1.0009631862422732,6.474052603855363e-05,0.0,0.0,CLEAN,False,False,0.0,EXCLUDED_SIGNAL_GATE_FAILED
vertical_low_e03__roll_neg,281fa2170ec14dcb626ac9632cd2cc75df316745,B967FBE7029A72FFA521614F2546DFDCE090F1D8F75EA814B034B655B4A66870,7102,vertical_low,vertical,405,3,"[0.9167889356613159,-0.3342222273349762,-0.9806610941886902,-0.21307826042175293,-0.3967306613922119,1.0,0.0539330318570137,0.003384256735444069,0.058698393404483795,0.0005265746731311083,0.05798078700900078,-0.0005022890982218087,0.0003207038971595466,1.0,-1.0,0.3711320161819458]","[-0.01481364294886589,-0.07189420610666275,0.0026943720877170563,1.0]","{""applied_to_requested_ratio_mean_axis"":[0.9929259577401736,0.0,0.0]}",roll_neg,roll_pos,"[-0.19867990911006927,0.0,0.0,0.0]","[-0.02483498863875866,0.0,0.0,0.0]","[-0.02465930487960577,0.0,0.0,0.0]",1.0008984457162347,1.0009014406036048,2.99488737010023e-06,0.0,0.0,CLEAN,False,False,0.0,EXCLUDED_SIGNAL_GATE_FAILED
vertical_low_e03__pitch_pos,281fa2170ec14dcb626ac9632cd2cc75df316745,B967FBE7029A72FFA521614F2546DFDCE090F1D8F75EA814B034B655B4A66870,7102,vertical_low,vertical,405,3,"[0.9167889356613159,-0.3342222273349762,-0.9806610941886902,-0.21307826042175293,-0.3967306613922119,1.0,0.0539330318570137,0.003384256735444069,0.058698393404483795,0.0005265746731311083,0.05798078700900078,-0.0005022890982218087,0.0003207038971595466,1.0,-1.0,0.3711320161819458]","[-0.01481364294886589,-0.07189420610666275,0.0026943720877170563,1.0]","{""applied_to_requested_ratio_mean_axis"":[0.0,1.0000000625007046,0.0]}",pitch_pos,pitch_neg,"[0.0,0.19867990911006927,0.0,0.0]","[0.0,0.02483498863875866,0.0,0.0]","[0.0,0.02483499019096295,0.0,0.0]",1.0008984457162347,1.0006400052224564,-0.00025844049377821143,0.0,0.0,CLEAN,False,False,0.0,EXCLUDED_SIGNAL_GATE_FAILED
vertical_low_e03__pitch_neg,281fa2170ec14dcb626ac9632cd2cc75df316745,B967FBE7029A72FFA521614F2546DFDCE090F1D8F75EA814B034B655B4A66870,7102,vertical_low,vertical,405,3,"[0.9167889356613159,-0.3342222273349762,-0.9806610941886902,-0.21307826042175293,-0.3967306613922119,1.0,0.0539330318570137,0.003384256735444069,0.058698393404483795,0.0005265746731311083,0.05798078700900078,-0.0005022890982218087,0.0003207038971595466,1.0,-1.0,0.3711320161819458]","[-0.01481364294886589,-0.07189420610666275,0.0026943720877170563,1.0]","{""applied_to_requested_ratio_mean_axis"":[0.0,0.9376555220660113,0.0]}",pitch_neg,pitch_pos,"[0.0,-0.19867990911006927,0.0,0.0]","[0.0,-0.02483498863875866,0.0,0.0]","[0.0,-0.02328666423757871,0.0,0.0]",1.0008984457162347,1.000930290134691,3.184441845638375e-05,0.0,0.0,CLEAN,False,False,0.0,EXCLUDED_SIGNAL_GATE_FAILED
vertical_low_e03__yaw_pos,281fa2170ec14dcb626ac9632cd2cc75df316745,B967FBE7029A72FFA521614F2546DFDCE090F1D8F75EA814B034B655B4A66870,7102,vertical_low,vertical,405,3,"[0.9167889356613159,-0.3342222273349762,-0.9806610941886902,-0.21307826042175293,-0.3967306613922119,1.0,0.0539330318570137,0.003384256735444069,0.058698393404483795,0.0005265746731311083,0.05798078700900078,-0.0005022890982218087,0.0003207038971595466,1.0,-1.0,0.3711320161819458]","[-0.01481364294886589,-0.07189420610666275,0.0026943720877170563,1.0]","{""applied_to_requested_ratio_mean_axis"":[0.0,0.0,0.9977833750075532]}",yaw_pos,yaw_pos,"[0.0,0.0,0.19867990911006927,0.0]","[0.0,0.0,0.02483498863875866,0.0]","[0.0,0.0,0.024779938782254856,0.0]",1.0008984457162347,1.000902765811586,4.320095351451059e-06,0.0,0.0,CLEAN,False,False,0.0,EXCLUDED_SIGNAL_GATE_FAILED
vertical_low_e03__yaw_neg,281fa2170ec14dcb626ac9632cd2cc75df316745,B967FBE7029A72FFA521614F2546DFDCE090F1D8F75EA814B034B655B4A66870,7102,vertical_low,vertical,405,3,"[0.9167889356613159,-0.3342222273349762,-0.9806610941886902,-0.21307826042175293,-0.3967306613922119,1.0,0.0539330318570137,0.003384256735444069,0.058698393404483795,0.0005265746731311083,0.05798078700900078,-0.0005022890982218087,0.0003207038971595466,1.0,-1.0,0.3711320161819458]","[-0.01481364294886589,-0.07189420610666275,0.0026943720877170563,1.0]","{""applied_to_requested_ratio_mean_axis"":[0.0,0.0,0.9861616564726767]}",yaw_neg,yaw_neg,"[0.0,0.0,-0.19867990911006927,0.0]","[0.0,0.0,-0.02483498863875866,0.0]","[0.0,0.0,-0.024491313534478348,0.0]",1.0008984457162347,1.0008338464018058,-6.459931442881484e-05,0.0,0.0,CLEAN,False,False,0.0,EXCLUDED_SIGNAL_GATE_FAILED
vertical_low_e06__roll_pos,281fa2170ec14dcb626ac9632cd2cc75df316745,B967FBE7029A72FFA521614F2546DFDCE090F1D8F75EA814B034B655B4A66870,7103,vertical_low,vertical,408,6,"[0.9195610880851746,-0.33551108837127686,-0.9807721972465515,-0.21136347949504852,-0.3977136015892029,1.0,0.053725577890872955,0.0033490564674139023,0.05873681604862213,0.0005122747388668358,0.057350341230630875,-0.0004909515846520662,0.0002686882799025625,1.0,-1.0,0.3729515075683594]","[0.03282759711146355,-0.06637755781412125,-0.022518370300531387,1.0]","{""applied_to_requested_ratio_mean_axis"":[0.9853829258174885,0.0,0.0]}",roll_pos,roll_neg,"[0.19867990911006927,0.0,0.0,0.0]","[0.02483498863875866,0.0,0.0,0.0]","[0.024471973689893883,0.0,0.0,0.0]",1.0008984457162347,1.0009127280063683,1.4282290133671438e-05,0.0,0.0,CLEAN,False,False,0.0,EXCLUDED_SIGNAL_GATE_FAILED
vertical_low_e06__roll_neg,281fa2170ec14dcb626ac9632cd2cc75df316745,B967FBE7029A72FFA521614F2546DFDCE090F1D8F75EA814B034B655B4A66870,7103,vertical_low,vertical,408,6,"[0.9195610880851746,-0.33551108837127686,-0.9807721972465515,-0.21136347949504852,-0.3977136015892029,1.0,0.053725577890872955,0.0033490564674139023,0.05873681604862213,0.0005122747388668358,0.057350341230630875,-0.0004909515846520662,0.0002686882799025625,1.0,-1.0,0.3729515075683594]","[0.03282759711146355,-0.06637755781412125,-0.022518370300531387,1.0]","{""applied_to_requested_ratio_mean_axis"":[0.9983427675451728,0.0,0.0]}",roll_neg,roll_pos,"[-0.19867990911006927,0.0,0.0,0.0]","[-0.02483498863875866,0.0,0.0,0.0]","[-0.024793831010659535,0.0,0.0,0.0]",1.0008984457162347,1.000626850934678,-0.00027159478155658334,0.0,0.0,CLEAN,False,False,0.0,EXCLUDED_SIGNAL_GATE_FAILED
vertical_low_e06__pitch_pos,281fa2170ec14dcb626ac9632cd2cc75df316745,B967FBE7029A72FFA521614F2546DFDCE090F1D8F75EA814B034B655B4A66870,7103,vertical_low,vertical,408,6,"[0.9195610880851746,-0.33551108837127686,-0.9807721972465515,-0.21136347949504852,-0.3977136015892029,1.0,0.053725577890872955,0.0033490564674139023,0.05873681604862213,0.0005122747388668358,0.057350341230630875,-0.0004909515846520662,0.0002686882799025625,1.0,-1.0,0.3729515075683594]","[0.03282759711146355,-0.06637755781412125,-0.022518370300531387,1.0]","{""applied_to_requested_ratio_mean_axis"":[0.0,1.0000000250002818,0.0]}",pitch_pos,pitch_neg,"[0.0,0.19867990911006927,0.0,0.0]","[0.0,0.02483498863875866,0.0,0.0]","[0.0,0.024834989259640377,0.0,0.0]",1.0008984457162347,1.0006821468676503,-0.00021629884858431758,0.0,0.0,CLEAN,False,False,0.0,EXCLUDED_SIGNAL_GATE_FAILED
vertical_low_e06__pitch_neg,281fa2170ec14dcb626ac9632cd2cc75df316745,B967FBE7029A72FFA521614F2546DFDCE090F1D8F75EA814B034B655B4A66870,7103,vertical_low,vertical,408,6,"[0.9195610880851746,-0.33551108837127686,-0.9807721972465515,-0.21136347949504852,-0.3977136015892029,1.0,0.053725577890872955,0.0033490564674139023,0.05873681604862213,0.0005122747388668358,0.057350341230630875,-0.0004909515846520662,0.0002686882799025625,1.0,-1.0,0.3729515075683594]","[0.03282759711146355,-0.06637755781412125,-0.022518370300531387,1.0]","{""applied_to_requested_ratio_mean_axis"":[0.0,0.9362549812749138,0.0]}",pitch_neg,pitch_pos,"[0.0,-0.19867990911006927,0.0,0.0]","[0.0,-0.02483498863875866,0.0,0.0]","[0.0,-0.023251881822943687,0.0,0.0]",1.0008984457162347,1.0008525622986149,-4.588341761979642e-05,0.0,0.0,CLEAN,False,False,0.0,EXCLUDED_SIGNAL_GATE_FAILED
vertical_low_e06__yaw_pos,281fa2170ec14dcb626ac9632cd2cc75df316745,B967FBE7029A72FFA521614F2546DFDCE090F1D8F75EA814B034B655B4A66870,7103,vertical_low,vertical,408,6,"[0.9195610880851746,-0.33551108837127686,-0.9807721972465515,-0.21136347949504852,-0.3977136015892029,1.0,0.053725577890872955,0.0033490564674139023,0.05873681604862213,0.0005122747388668358,0.057350341230630875,-0.0004909515846520662,0.0002686882799025625,1.0,-1.0,0.3729515075683594]","[0.03282759711146355,-0.06637755781412125,-0.022518370300531387,1.0]","{""applied_to_requested_ratio_mean_axis"":[0.0,0.0,0.9998480545368148]}",yaw_pos,yaw_pos,"[0.0,0.0,0.19867990911006927,0.0]","[0.0,0.0,0.02483498863875866,0.0]","[0.0,0.0,0.024831215230127174,0.0]",1.0008984457162347,1.0008973721870909,-1.073529143802432e-06,0.0,0.0,CLEAN,False,False,0.0,EXCLUDED_SIGNAL_GATE_FAILED
vertical_low_e06__yaw_neg,281fa2170ec14dcb626ac9632cd2cc75df316745,B967FBE7029A72FFA521614F2546DFDCE090F1D8F75EA814B034B655B4A66870,7103,vertical_low,vertical,408,6,"[0.9195610880851746,-0.33551108837127686,-0.9807721972465515,-0.21136347949504852,-0.3977136015892029,1.0,0.053725577890872955,0.0033490564674139023,0.05873681604862213,0.0005122747388668358,0.057350341230630875,-0.0004909515846520662,0.0002686882799025625,1.0,-1.0,0.3729515075683594]","[0.03282759711146355,-0.06637755781412125,-0.022518370300531387,1.0]","{""applied_to_requested_ratio_mean_axis"":[0.0,0.0,0.9868550049151804]}",yaw_neg,yaw_neg,"[0.0,0.0,-0.19867990911006927,0.0]","[0.0,0.0,-0.02483498863875866,0.0]","[0.0,0.0,-0.024508532757560413,0.0]",1.0008984457162347,1.0008416850270634,-5.6760689171264644e-05,0.0,0.0,CLEAN,False,False,0.0,EXCLUDED_SIGNAL_GATE_FAILED
