case_id,split,opponent,side,seed,controller,outcome,end_condition,episode_seconds,damage_dealt,damage_received,health_margin,ownship_crash,target_crash,first_damage_s,phase1_cone_time_s,phase2_cone_time_s,phase3_cone_time_s,gate_active_ratio,nonzero_intervention_frames,min_altitude_m,min_speed_m_s,latency_ms_max,throttle_difference_max,invalid_or_nonfinite_actions,telemetry_sha256
development_autopilot_left_s8801,development,autopilot,left,8801,pure,win,target destroyed,14.6,1.0059801860350506,0.0,1.0059801860350506,False,False,6.883333333333334,5.616666666666666,0.0,0.0,0.0,0,3353.6881872000004,183.39786,0.0,0.0,0,5D1854F704AF9137B320DEE6206136273D2C242293CB24E03DCBE27E132B38B1
development_autopilot_left_s8801,development,autopilot,left,8801,bt_default,win,target destroyed,14.6,1.0059801860350506,0.0,1.0059801860350506,False,False,6.883333333333334,5.616666666666666,0.0,0.0,0.954337899543379,0,3353.6881872000004,183.39786,0.020700041204690933,0.0,0,A23A21806B86A837D9BDDDB139A60856F3B53E67AFB525F809E4356AE6230773
development_autopilot_left_s8801,development,autopilot,left,8801,bc,win,target destroyed,14.566666666666666,1.0056288920489784,0.0,1.0056288920489784,False,False,6.866666666666666,5.716666666666667,0.0,0.0,0.954233409610984,287,3358.7268360000003,183.39786,0.11490000179037452,0.0,0,7E6C3277A4E84E4B4C920250D9F0E615F035CFD8D1FD59F39FB571DF322E0708
development_autopilot_right_s8802,development,autopilot,right,8802,pure,win,target destroyed,16.283333333333335,1.0052332340402508,0.0,1.0052332340402508,False,False,10.0,3.85,0.0,0.0,0.0,0,3035.8991352000003,183.39786,0.0,0.0,0,16220120D43969DD9D9EF3EB240058C9EF4A25C75A151B9F36A99A2076D55875
development_autopilot_right_s8802,development,autopilot,right,8802,bt_default,win,target destroyed,16.283333333333335,1.0052332340402508,0.0,1.0052332340402508,False,False,10.0,3.85,0.0,0.0,0.9334698055271239,0,3035.8991352000003,183.39786,0.18849998014047742,0.0,0,DBC6E8A0AADCD13058880AD64700C071C9ABD0B852EEFFAD8CB0365227CE3ECD
development_autopilot_right_s8802,development,autopilot,right,8802,bc,win,target destroyed,16.3,1.0000328481577585,0.0,1.0000328481577585,False,False,10.116666666666667,4.1,0.0,0.0,0.9335378323108384,353,3040.5177696,183.39786,0.08970004273578525,0.0,0,25FF2E773216AE061BAA5AD1BFEA22EC8C66CC5090FF04AB94D479570CFB83FB
development_bt_0815_left_s8803,development,bt_0815,left,8803,pure,win,target altitude below min,38.61666666666667,0.0,0.0,0.0,False,True,,0.0,0.0,0.0,0.0,0,606.6973896000001,183.39786,0.0,0.0,0,68D187DA31D810397E79DC2D2E69E6AB8BCEF2D776A9AA904437F59D1F55D0D9
development_bt_0815_left_s8803,development,bt_0815,left,8803,bt_default,win,target altitude below min,38.61666666666667,0.0,0.0,0.0,False,True,,0.0,0.0,0.0,0.4423823910228744,0,606.6973896000001,183.39786,0.036299985367804766,0.0,0,286FB068D916028080FE12AFF36CDFFAE6923FEEC1B069F4EA897480F7FF4A88
development_bt_0815_left_s8803,development,bt_0815,left,8803,bc,win,target altitude below min,38.18333333333333,0.0,0.0,0.0,False,True,,0.0,0.0,0.0,0.4469663902226102,498,598.5290544000001,183.39786,0.08190004155039787,0.0,0,CB83F9EF097D07494A4BFE2BE315D07F7D28EC8455E3DD0A7649B18E0DC8CA1E
development_bt_0815_right_s8804,development,bt_0815,right,8804,pure,win,target altitude below min,49.833333333333336,0.0,0.0,0.0,False,True,,0.0,0.0,0.0,0.0,0,1153.672572,181.391544,0.0,0.0,0,8E4E91181244FD2418044C14D558E4DC3B3D2066E0FD93923D0FF4DCF408BC9D
development_bt_0815_right_s8804,development,bt_0815,right,8804,bt_default,win,target altitude below min,49.833333333333336,0.0,0.0,0.0,False,True,,0.0,0.0,0.0,0.06722408026755852,0,1153.672572,181.391544,0.008000002708286047,0.0,0,BB7CBA64FC69DE220C600680E297838E3F322C39B2D2D0CE07C194017F0C27B9
development_bt_0815_right_s8804,development,bt_0815,right,8804,bc,win,target altitude below min,50.166666666666664,0.0,0.0,0.0,False,True,,0.0,0.0,0.0,0.06710963455149502,103,1149.8150232,181.80309599999998,0.06260001100599766,0.0,0,CAB773B12C3711277FEADB780E031AD6715FAEAAA902C4881E6EBF914D2864C7
development_bt_aip2_left_s8805,development,bt_aip2,left,8805,pure,win,target altitude below min,38.35,0.0,0.0,0.0,False,True,,0.0,0.0,0.0,0.0,0,582.2009184,183.39786,0.0,0.0,0,71CBFA258D073560F9CD8D3620B9C4F922CB58581AA50D157FD14076307DC952
development_bt_aip2_left_s8805,development,bt_aip2,left,8805,bt_default,win,target altitude below min,38.35,0.0,0.0,0.0,False,True,,0.0,0.0,0.0,0.44763146458061714,0,582.2009184,183.39786,0.013499986380338669,0.0,0,1965F34E1C250A4D2D35F6F09C5066D6F152C6861D94B50E9C69E5795637BB26
development_bt_aip2_left_s8805,development,bt_aip2,left,8805,bc,win,target altitude below min,38.03333333333333,0.0,0.0,0.0,False,True,,0.0,0.0,0.0,0.4517966695880806,498,573.9618696,183.39786,0.05760003114119172,0.0,0,DECA766009B736177AF886F1E166EA55FC560746AA0DA6CC890A93D1CF0E6B7A
development_bt_aip2_right_s8806,development,bt_aip2,right,8806,pure,win,target altitude below min,49.6,0.0,0.0,0.0,False,True,,0.0,0.0,0.0,0.0,0,1142.3718072,181.391544,0.0,0.0,0,0DD060FED6A05FAC40BACC185DEB9A23F87391D0BB2E615B17E37A9105AF23FD
development_bt_aip2_right_s8806,development,bt_aip2,right,8806,bt_default,win,target altitude below min,49.6,0.0,0.0,0.0,False,True,,0.0,0.0,0.0,0.06754032258064516,0,1142.3718072,181.391544,0.00890000956133008,0.0,0,1D31D53CCE7FCFA7A358545D679C1F5B44142093A5BEF375C44BC0ED5EBC7825
development_bt_aip2_right_s8806,development,bt_aip2,right,8806,bc,win,target altitude below min,49.916666666666664,0.0,0.0,0.0,False,True,,0.0,0.0,0.0,0.0674457429048414,103,1155.5452632000001,181.80309599999998,0.10010000551119447,0.0,0,02CC640DF80074D07695579EDFAB0BF68B25F30DDCBAC89FC47F248CF4451195
held_out_autopilot_left_s8901,held_out,autopilot,left,8901,pure,win,target destroyed,17.1,1.006364341836567,0.0,1.006364341836567,False,False,8.7,5.183333333333334,0.0,0.0,0.0,0,2913.1125888,186.638832,0.0,0.0,0,FDFE7E6975A31DDA01495A87530EC822812B224610CDC58104254E31AC7D74DE
held_out_autopilot_left_s8901,held_out,autopilot,left,8901,bt_default,win,target destroyed,17.1,1.006364341836567,0.0,1.006364341836567,False,False,8.7,5.183333333333334,0.0,0.0,0.9990253411306043,0,2913.1125888,186.638832,0.01179997343569994,0.0,0,6DCC5C9A79AD7509F64EDE935D0AE88BB7BB02737E0F3D5C23507419EE7AAA1C
held_out_autopilot_left_s8901,held_out,autopilot,left,8901,bc,win,target destroyed,17.016666666666666,1.0020067107845823,0.0,1.0020067107845823,False,False,8.733333333333333,5.233333333333333,0.0,0.0,0.9990205680705191,369,2934.9658344000004,186.638832,0.09929999941959977,0.0,0,D1664A3F599BF111FE2C70D146613189ABA79E6C5A96B103F41BC70F926B9415
held_out_autopilot_right_s8902,held_out,autopilot,right,8902,pure,win,target destroyed,12.45,1.003845063469249,0.0,1.003845063469249,False,False,7.116666666666666,5.333333333333333,0.0,0.0,0.0,0,3852.9097440000005,186.638832,0.0,0.0,0,EC7590001F1911D7992B701E7867DE5B8F0D6883EA777CB905ED30F07377126A
held_out_autopilot_right_s8902,held_out,autopilot,right,8902,bt_default,win,target destroyed,12.45,1.003845063469249,0.0,1.003845063469249,False,False,7.116666666666666,5.333333333333333,0.0,0.0,0.998661311914324,0,3852.9097440000005,186.638832,0.009700015652924776,0.0,0,64CBCAFAD9A72A3A080D45E03F70722E5C8691C52BBD6B6EA8AD537C5D3DD100
held_out_autopilot_right_s8902,held_out,autopilot,right,8902,bc,win,target destroyed,12.45,1.001434467927057,0.0,1.001434467927057,False,False,7.116666666666666,5.333333333333333,0.0,0.0,0.998661311914324,272,3853.4745384000003,186.638832,0.07919996278360486,0.0,0,15264C2841C5D0C9A2B5CD96FEC3E6750211CDFB3BA8A2B1BF3D5A9D5935D826
held_out_bt_0815_left_s8903,held_out,bt_0815,left,8903,pure,win,target altitude below min,39.266666666666666,0.0,0.0,0.0,False,True,,0.0,0.0,0.0,0.0,0,484.45216800000003,186.638832,0.0,0.0,0,04F9D2027EEEC8D8D1A6F34BFCB371B67966CF73C344F7C860B6CD244F5490EE
held_out_bt_0815_left_s8903,held_out,bt_0815,left,8903,bt_default,win,target altitude below min,39.266666666666666,0.0,0.0,0.0,False,True,,0.0,0.0,0.0,0.23938879456706283,0,484.45216800000003,186.638832,0.08700002217665315,0.0,0,676751583BE6E053BC84CB7E6F5134950891A30D57B904E4E191B35BD0A1B4AC
held_out_bt_0815_left_s8903,held_out,bt_0815,left,8903,bc,win,target altitude below min,39.36666666666667,0.0,0.0,0.0,False,True,,0.0,0.0,0.0,0.20237087214225233,211,475.66021200000006,186.638832,0.0858000130392611,0.0,0,0100A5C7A49FED267AE29517B4482DDE81553E117C28DAF2BD24BB486F915F25
held_out_bt_0815_right_s8904,held_out,bt_0815,right,8904,pure,win,target altitude below min,52.0,0.0,0.0,0.0,False,True,,0.0,0.0,0.0,0.0,0,1152.2147136,186.638832,0.0,0.0,0,D4F192D67CE4B2740B4B143279A6D4BDEF195131AAE192BE5B81E03C0B9D7266
held_out_bt_0815_right_s8904,held_out,bt_0815,right,8904,bt_default,win,target altitude below min,52.0,0.0,0.0,0.0,False,True,,0.0,0.0,0.0,0.08205128205128205,0,1152.2147136,186.638832,0.010899966582655907,0.0,0,404D720DE700F8913CE91C48B5F6AE8913EC144412CDFB10BD78AC7FABF2FD4B
held_out_bt_0815_right_s8904,held_out,bt_0815,right,8904,bc,win,target altitude below min,50.88333333333333,0.0,0.0,0.0,False,True,,0.0,0.0,0.0,0.08483458892892237,101,1118.4398256000002,186.638832,0.08319999324157834,0.0,0,36BBE5D3C2B9D78DF98731D1D84A6FD1AA2128B66FF18641AA1C2AC588663739
held_out_bt_aip2_left_s8905,held_out,bt_aip2,left,8905,pure,win,target altitude below min,39.05,0.0,0.0,0.0,False,True,,0.0,0.0,0.0,0.0,0,460.2903672,186.638832,0.0,0.0,0,3E319CED0E84208842DCE373A3CAE8B1BB113FC8126F4E473EF7A7FB9B2D0120
held_out_bt_aip2_left_s8905,held_out,bt_aip2,left,8905,bt_default,win,target altitude below min,39.05,0.0,0.0,0.0,False,True,,0.0,0.0,0.0,0.24413145539906103,0,460.2903672,186.638832,0.016400008462369442,0.0,0,1EF4D8F638A8188F4DF710DF6514B07F9195CFCBFB1378A2CDCB0E40FCC05338
held_out_bt_aip2_left_s8905,held_out,bt_aip2,left,8905,bc,win,target altitude below min,39.2,0.0,0.0,0.0,False,True,,0.0,0.0,0.0,0.23767006802721088,252,441.8332032,186.638832,0.060699996538460255,0.0,0,D5674144D5816438A258B60A3C720657B088B4E85FDBFCDA2EA7863690C0AB43
held_out_bt_aip2_right_s8906,held_out,bt_aip2,right,8906,pure,win,target altitude below min,51.81666666666667,0.0,0.0,0.0,False,True,,0.0,0.0,0.0,0.0,0,1114.2567504,186.638832,0.0,0.0,0,7E0B7AD50C6E62DF9126B6D33A153E246A8A2256EFD533BE4765ADD64DC6F462
held_out_bt_aip2_right_s8906,held_out,bt_aip2,right,8906,bt_default,win,target altitude below min,51.81666666666667,0.0,0.0,0.0,False,True,,0.0,0.0,0.0,0.08234158893534899,0,1114.2567504,186.638832,0.013699987903237343,0.0,0,26F5A4FB8CC170DAD02FF518CC72256127A7771E9FCFDDC51C80FD2000E99775
held_out_bt_aip2_right_s8906,held_out,bt_aip2,right,8906,bc,win,target altitude below min,50.65,0.0,0.0,0.0,False,True,,0.0,0.0,0.0,0.08522540309312274,101,1056.9583128,186.638832,0.05959998816251755,0.0,0,295A45F4F2F4B5EDD6F00A6C36DBACD6936AEF0D4A2F2093FA9DFB5ACC75A52A
